'16MAY-Vehicle-Weekday-23',20160502
'16MAY-Vehicle-Weekday-23',20160503
'16MAY-Vehicle-Weekday-23',20160504
'16MAY-Vehicle-Weekday-23',20160505
'16MAY-Vehicle-Weekday-23',20160506
'16MAY-Vehicle-Saturday-11',20160507
'16MAY-Vehicle-Sunday-01',20160508
'16MAY-Vehicle-Weekday-23',20160509
'16MAY-Vehicle-Weekday-23',20160510
'16MAY-Vehicle-Weekday-23',20160511
'16MAY-Vehicle-Weekday-23',20160512
'16MAY-Vehicle-Weekday-23',20160513
'16MAY-Vehicle-Saturday-11',20160514
'16MAY-Vehicle-Sunday-01',20160515
'16MAY-Vehicle-Weekday-23',20160516
'16MAY-Vehicle-Weekday-23',20160517
'16MAY-Vehicle-Weekday-23',20160518
'16MAY-Vehicle-Weekday-23',20160519
'16MAY-Vehicle-Weekday-23',20160520
'16MAY-Vehicle-Saturday-11',20160521
'16MAY-Vehicle-Sunday-01',20160522
'16MAY-Vehicle-Sunday-02',20160523
'16MAY-Vehicle-Weekday-23',20160524
'16MAY-Vehicle-Weekday-23',20160525
'16MAY-Vehicle-Weekday-23',20160526
'16MAY-Vehicle-Weekday-23',20160527
'16MAY-Vehicle-Saturday-11',20160528
'16MAY-Vehicle-Sunday-01',20160529
'16MAY-Vehicle-Weekday-23',20160530
'16MAY-Vehicle-Weekday-23',20160531
'16MAY-Vehicle-Weekday-23',20160601
'16MAY-Vehicle-Weekday-23',20160602
'16MAY-Vehicle-Weekday-23',20160603
'16MAY-Vehicle-Saturday-11',20160604
'16MAY-Vehicle-Sunday-01',20160605
'16MAY-Vehicle-Weekday-23',20160606
'16MAY-Vehicle-Weekday-23',20160607
'16MAY-Vehicle-Weekday-23',20160608
'16MAY-Vehicle-Weekday-23',20160609
'16MAY-Vehicle-Weekday-23',20160610
'16MAY-Vehicle-Saturday-11',20160611
'16MAY-Vehicle-Sunday-01',20160612
'16MAY-Vehicle-Weekday-23',20160613
'16MAY-Vehicle-Weekday-23',20160614
'16MAY-Vehicle-Weekday-23',20160615
'16MAY-Vehicle-Weekday-23',20160616
'16MAY-Vehicle-Weekday-23',20160617
'16MAY-Vehicle-Saturday-11',20160618
'16MAY-Vehicle-Sunday-01',20160619
'16MAY-Vehicle-Weekday-23',20160620
'16MAY-Vehicle-Weekday-23',20160621
'16MAY-Vehicle-Weekday-23',20160622
'16MAY-Vehicle-Weekday-23',20160623
'16MAY-Vehicle-Weekday-23',20160624
'16MAY-Vehicle-Saturday-11',20160625
'16MAY-Vehicle-Sunday-01',20160626
'16MAY-Vehicle-Weekday-23',20160627
'16MAY-Vehicle-Weekday-23',20160628
'16MAY-Vehicle-Weekday-23',20160629
'16MAY-Vehicle-Weekday-23',20160630
'16MAY-Vehicle-Sunday-02',20160701
'16MAY-Vehicle-Saturday-11',20160702
'16MAY-Vehicle-Sunday-01',20160703
'16MAY-Vehicle-Weekday-23',20160704
'16MAY-Vehicle-Weekday-23',20160705
'16MAY-Vehicle-Weekday-23',20160706
'16MAY-Vehicle-Weekday-23',20160707
'16MAY-Vehicle-Weekday-23',20160708
'16MAY-Vehicle-Saturday-11',20160709
'16MAY-Vehicle-Sunday-01',20160710
'16MAY-Vehicle-Weekday-23',20160711
'16MAY-Vehicle-Weekday-23',20160712
'16MAY-Vehicle-Weekday-23',20160713
'16MAY-Vehicle-Weekday-23',20160714
'16MAY-Vehicle-Weekday-23',20160715
'16MAY-Vehicle-Saturday-11',20160716
'16MAY-Vehicle-Sunday-01',20160717
'16MAY-Vehicle-Weekday-23',20160718
'16MAY-Vehicle-Weekday-23',20160719
'16MAY-Vehicle-Weekday-23',20160720
'16MAY-Vehicle-Weekday-23',20160721
'16MAY-Vehicle-Weekday-23',20160722
'16MAY-Vehicle-Saturday-11',20160723
'16MAY-Vehicle-Sunday-01',20160724
'16MAY-Vehicle-Weekday-23',20160725
'16MAY-Vehicle-Weekday-23',20160726
'16MAY-Vehicle-Weekday-23',20160727
'16MAY-Vehicle-Weekday-23',20160728
'16MAY-Vehicle-Weekday-23',20160729
'16MAY-Vehicle-Saturday-11',20160730
'16MAY-Vehicle-Sunday-01',20160731
'16MAY-Vehicle-Sunday-02',20160801
'16MAY-Vehicle-Weekday-23',20160802
'16MAY-Vehicle-Weekday-23',20160803
'16MAY-Vehicle-Weekday-23',20160804
'16MAY-Vehicle-Weekday-23',20160805
'16MAY-Vehicle-Saturday-11',20160806
'16MAY-Vehicle-Sunday-01',20160807
'16MAY-Vehicle-Weekday-23',20160808
'16MAY-Vehicle-Weekday-23',20160809
'16MAY-Vehicle-Weekday-23',20160810
'16MAY-Vehicle-Weekday-23',20160811
'16MAY-Vehicle-Weekday-23',20160812
'16MAY-Vehicle-Saturday-11',20160813
'16MAY-Vehicle-Sunday-01',20160814
'16MAY-Vehicle-Weekday-23',20160815
'16MAY-Vehicle-Weekday-23',20160816
'16MAY-Vehicle-Weekday-23',20160817
'16MAY-Vehicle-Weekday-23',20160818
'16MAY-Vehicle-Weekday-23',20160819
'16MAY-Vehicle-Saturday-11',20160820
'16MAY-Vehicle-Sunday-01',20160821
'16MAY-Vehicle-Weekday-23',20160822
'16MAY-Vehicle-Weekday-23',20160823
'16MAY-Vehicle-Weekday-23',20160824
'16MAY-Vehicle-Weekday-23',20160825
'16MAY-Vehicle-Weekday-23',20160826
'16MAY-Vehicle-Saturday-11',20160827
'16MAY-Vehicle-Sunday-01',20160828
'16MAY-Vehicle-Weekday-23',20160829
'16MAY-Vehicle-Weekday-23',20160830
'16MAY-Vehicle-Weekday-23',20160831
'16MAY-Vehicle-Weekday-23',20160901
'16MAY-Vehicle-Weekday-23',20160902
'16MAY-Vehicle-Saturday-11',20160903
'16MAY-Vehicle-Sunday-01',20160904
'16MAY-Vehicle-Sunday-02',20160905
